"Dataset","N","Male","Female","Right","Left","AgeMin","AgeMax","AgeMed","ICVMin","ICVMax","ICVMed","File","yi","vi","df","t","p","asy"
"ACPU",28,28,0,NA,NA,9,18,13,1371960,1831540,1602485,"ADHDs/ACPU/ASY_DescriptiveInfo_nosex.Rdata",0.694350663210736,0.0459652378426146,26,3.60795188085042,0.00128809174529976,0.170732791518735
"ADHD-DUB1",41,32,9,32,6,18,49,20,1114260,1958970,1705070,"ADHDs/ADHD-DUB1/ASY_DescriptiveInfo.Rdata",1.32346690764992,0.0493626928374268,37,8.1583979379832,8.62227152405907e-10,0.243765472314422
"ADHD WUE",57,27,30,52,3,24,61,41,1246860,1925240,1549455,"ADHDs/ADHD WUE/ASY_DescriptiveInfo.Rdata",1.06796362253106,0.0314054629904966,49,7.55164319552262,9.31793177788576e-10,0.183811914067582
"ADHD_Rubia1",33,33,0,NA,NA,10,18,14,1304890,1886320,1570545,"ADHDs/ADHD_Rubia1/ASY_DescriptiveInfo_nosex.Rdata",0.631055843882785,0.0399705246349769,29,3.4564352074006,0.00170903437370562,0.158495596413411
"ADHD200_KKI",65,41,28,61,8,8,13,10,1194100,1731530,1483570,"ADHDs/ADHD200_KKI/ASY_DescriptiveInfo.Rdata",0.524368760417973,0.0177731452882991,63,4.19495008334378,8.70385896218203e-05,0.0933420508271403
"ADHD200_NYU",111,55,56,107,3,7,18,12,954388,1865180,1417110,"ADHDs/ADHD200_NYU/ASY_DescriptiveInfo.Rdata",0.659598689974943,0.0125519094423539,96,6.49629370381421,3.64802035433279e-09,0.148045935695242
"ADHD200_OHSU",63,31,39,NA,NA,7,13,10,1253320,1783890,1472580,"ADHDs/ADHD200_OHSU/ASY_DescriptiveInfo.Rdata",0.551251198063116,0.0182847451060795,62,4.37542074000425,4.73118744935529e-05,0.137216416692426
"ADHD200_Peking",143,84,59,141,2,8,15,12,1162580,1862900,1494940,"ADHDs/ADHD200_Peking/ASY_DescriptiveInfo.Rdata",0.950993574739668,0.0108372715641647,133,11.0085465167878,1.94937603300389e-20,0.245744402382715
"ADHDKonrad",79,53,26,NA,NA,4,17,10,1176780,1771630,1486775,"ADHDs/ADHDKonrad/ASY_DescriptiveInfo.Rdata",0.761950055526565,0.0280496509469232,45,5.16779670724179,5.25098710293429e-06,0.177646632809934
"Bergen_adultADHD",43,16,27,36,5,21,41,29,1107430,1837570,1556160,"ADHDs/Bergen_adultADHD/ASY_DescriptiveInfo.Rdata",1.17474650561757,0.0402384446721512,41,7.61322748926823,2.27621769256054e-09,0.22934829966827
"Bergen_SVG",28,20,8,25,2,8,12,10,1232950,1822780,1462155,"ADHDs/Bergen_SVG/ASY_DescriptiveInfo.Rdata",1.07265304744845,0.0583441585222307,26,5.57366873122294,7.44573658536376e-06,0.213476019666806
"CAPS_UZH",36,21,15,NA,NA,8,18,12.5,1137280,1835190,1576350,"ADHDs/CAPS_UZH/ASY_DescriptiveInfo.Rdata",NA,NA,NA,NA,NA,NA
"DAT_london",31,31,0,NA,NA,13,19,16,1169200,1506950,1340190,"ADHDs/DAT_london/ASY_DescriptiveInfo_nosex.Rdata",0.818427524457592,0.0417159939498403,31,4.62972521962946,6.18988347493435e-05,0.10774477495763
"Dundee",23,10,13,NA,NA,10,18,13,1190680,1773720,1461230,"ADHDs/Dundee/ASY_DescriptiveInfo.Rdata",0.869073461329023,0.0626201972996911,21,4.07631585946195,0.000541389651591365,0.1919656937681
"Hartford_Olin",109,58,52,106,3,12,19,16,1018607,1736154,1375669,"ADHDs/Hartford_Olin/ASY_DescriptiveInfo.Rdata",0.944877334962344,0.0136452508402148,105,9.72810756937378,2.49975494518846e-16,0.203529917302234
"IMpACT_NL",141,59,82,121,15,19,63,32,1261830,1913790,1577095,"ADHDs/IMpACT_NL/ASY_DescriptiveInfo.Rdata",1.01751191229934,0.0172461959754038,87,9.54510781851382,3.43711865445654e-15,0.20975939244535
"MGH_ADHD",69,29,40,63,6,18,59,31,1116080,1811500,1451765,"ADHDs/MGH_ADHD/ASY_DescriptiveInfo.Rdata",1.06561752645272,0.0248852437514541,62,8.45807690311706,6.36956189933119e-12,0.223815598619701
"MTA",41,31,10,36,3,21,27,24,974013,1820500,1491000,"ADHDs/MTA/ASY_DescriptiveInfo.Rdata",0.659089227914531,0.0296877879311338,40,4.22023020989043,0.000136185358242449,0.152499963426627
"NeuroImage_ADAM",78,54,24,67,11,12,23,16,1312270,1963260,1606255,"ADHDs/NeuroImage_ADAM/ASY_DescriptiveInfo.Rdata",0.856806783883636,0.0184737693574934,73,7.37053064597574,2.12936277663448e-10,0.16373342346812
"NeuroImage_NIJM",39,23,16,34,5,10,23,18,1298620,1965620,1632120,"ADHDs/NeuroImage_NIJM/ASY_DescriptiveInfo.Rdata",0.711996586603639,0.0329860413070425,37,4.38904172852559,9.13756508612894e-05,0.13414475699505
"NICAP",81,47,34,69,11,9,11,10,1326550,1877490,1595970,"ADHDs/NICAP/ASY_DescriptiveInfo.Rdata",0.747839043246174,0.0166185924324893,76,6.56226097198657,5.79379461361993e-09,0.146792540552715
"NICHE",80,67,13,69,11,7,16,10,1272060,1862389,1563165,"ADHDs/NICHE/ASY_DescriptiveInfo.Rdata",0.859310999451478,0.0185028067147182,73,7.3920727228291,1.94098572465159e-10,0.160198520400446
"NIH",304,205,99,NA,NA,4,18,10,1146550,1829489,1460903,"ADHDs/NIH/ASY_DescriptiveInfo.Rdata",0.566547813262534,0.00566091810905502,204,8.11173021408346,4.59899049383038e-14,0.161938218950751
"NYU ADHD",40,22,18,NA,NA,20,49,31,934852,1762720,1497460,"ADHDs/NYU ADHD/ASY_DescriptiveInfo.Rdata",0.773694094623989,0.0333154173340517,38,4.83171807229947,2.24271158000934e-05,0.122324454670437
"OHSU",112,60,52,NA,NA,7,13,10,966984,1890000,1450000,"ADHDs/OHSU/ASY_DescriptiveInfo.Rdata",0.820933658634671,0.024308473380721,54,6.08820695717235,1.2309333654616e-07,0.198879595566587
"UAB-ADHD",95,64,31,NA,NA,6,50,27,1004270,1972030,1448310,"ADHDs/UAB-ADHD/ASY_DescriptiveInfo.Rdata",0.507544615918192,0.0121376426728363,92,4.89458302153735,4.18448696086956e-06,0.130435108073867
"UCHZ",39,21,18,NA,NA,9,53,15,1059950,1864990,1483240,"ADHDs/UCHZ/ASY_DescriptiveInfo.Rdata",0.449451890529673,0.0289737763407986,37,2.770607527642,0.00870063025103808,0.0908024379089372
"HUBIN_KASP",77,43,34,70,4,20,68.97,44.85,1321762,1992782,1560192,"Aldo/HUBIN_KASP/ASY_DescriptiveInfo.Rdata",1.05936253766323,0.0216822846264185,71,8.98898920939988,2.46010762363710e-13,0.207338657373875
"TOP15T",303,159,144,279,22,18.28,73.4,33.97,1199482,2065684,1613283,"Aldo/TOP15T/ASY_DescriptiveInfo.Rdata",0.762297694454554,0.00431621701500122,298,13.1813593652646,1.42660903850105e-31,0.162270293075967
"TOP3T_0",380,204,176,277,42,12.5,78,31.1,1080887,2023835,1546874,"Aldo/TOP3T_0/ASY_DescriptiveInfo.Rdata",1.25094463229931,0.00474050860781708,375,24.2567163869617,7.74603674101524e-79,0.257782349292563
"TOP3T_GE750",386,178,208,275,23,12.01,88,42,1190360,1981293,1545960,"Aldo/TOP3T_GE750/ASY_DescriptiveInfo.Rdata",1.0310069272601,0.00401965260375108,380,20.1244523708403,7.73988141715096e-62,0.215561354426763
"Anna",165,92,73,NA,NA,8,17,15,1211620,1999940,1549165,"Anna/ASY_DescriptiveInfo.Rdata",0.593642008198529,0.0073512838559312,159,7.50904344265481,4.02350559791237e-12,0.124328595012268
"AnneU",30,16,14,28,2,19,40,26.5,1070000,1790000,1425000,"AnneU/ASY_DescriptiveInfo.Rdata",0.524506366228524,0.0406269094323973,27,2.77542681222168,0.0098877168189203,0.0915116751307527
"BIG",2326,973,1353,1995,103,17.39,82.66,22.47,1076480,2086070,1610760,"BIG/ASY_DescriptiveInfo.Rdata",0.741643981685345,0.000553393184802537,2303,35.5989111208966,1.54799623326587e-221,0.154846958969278
"BILGIN",453,221,232,248,205,18.08,57.18,24.03,1111532,1835334,1396760,"BILGIN/ASY_DescriptiveInfo.Rdata",0.751798542262163,0.00287578592841649,445,15.877016957659,2.66965281805925e-45,0.155028898876444
"CAMH_ASD",146,77,69,139,6,18,86,40,1123430,1833770,1471570,"CAMH_ASD/ASY_DescriptiveInfo.Rdata",1.0236566738383,0.0109635718917039,138,12.0687341937431,2.41124096395795e-23,0.18208269342024
"Christoph",85,44,41,NA,NA,21,75,35,1240000,1930000,1570000,"Christoph/ASY_DescriptiveInfo.Rdata",1.00575753013768,0.0181418566833051,82,9.16288717504353,3.41311300127249e-14,0.199528163627132
"ClarissaBr",398,149,249,110,5,18,55,32,811432,1900000,1330000,"ClarissaBr/ASY_DescriptiveInfo.Rdata",0.973794498276786,0.00726176286914812,202,13.8744359218474,3.48395424193415e-31,0.22285129403629
"Colm_UCSF",88,46,42,NA,NA,13,17,15,1230000,1810000,1560000,"Colm_UCSF/ASY_DescriptiveInfo.Rdata",0.679817864455804,0.0144832489931368,84,6.26761102421219,1.50816811855386e-08,0.12133722451805
"ClinG_sample",323,132,191,307,15,18,58,24,1062340,2081450,1581790,"Egle/ClinG_sample/ASY_DescriptiveInfo.Rdata",0.876738574393522,0.00432604769973373,319,15.6835764067214,1.71609309519074e-41,0.167492156691629
"HMS_sample",55,21,34,44,7,19,64,41,1155270,1921180,1525650,"Egle/HMS_sample/ASY_DescriptiveInfo.Rdata",0.873579927442117,0.0270896263689194,50,6.23860852843953,9.30622025555529e-08,0.162389415681047
"EstherCOBRE",70,50,20,NA,NA,18,65,34.5,1070000,1920000,1505000,"EstherCOBRE/ASY_DescriptiveInfo.Rdata",0.659596732027063,0.0187312911453906,64,5.31783886353759,1.42743054651841e-06,0.146765399765472
"EstherMCIC",164,102,62,150,5,18,60,27,1290000,1990000,1615000,"EstherMCIC/ASY_DescriptiveInfo.Rdata",0.932452289235856,0.00891138904255028,160,11.8314931747388,1.3286882009173e-23,0.198222506093698
"FIDMAG",117,55,62,NA,NA,21,63,41,1211550,1850590,1509640,"FIDMAG/ASY_DescriptiveInfo.Rdata",0.872949440218072,0.0123305389516832,111,9.23842850380025,2.02646048403875e-15,0.159699128462025
"GEB",674,305,374,616,26,16.92,24.08,20.33,861850,1597510,1129565,"GEB/ASY_DescriptiveInfo.Rdata",0.940066385107175,0.00216171274993139,666,24.2784770364298,9.35053549871927e-94,0.219700342249714
"GloriaBPSydney",100,47,53,91,8,14,30,22,995969,1784914,1360040,"GloriaBPSydney/ASY_DescriptiveInfo.Rdata",1.04825525914976,0.0161397869184121,95,10.2707620204234,4.36565252711149e-17,0.203275360589592
"JPCapeTown",26,10,16,NA,NA,19,56,29,1333950,1885170,1577910,"JPCapeTown/ASY_DescriptiveInfo.Rdata",1.27148667487996,0.0753474659249439,23,6.22898713640792,2.35030687483968e-06,0.190327074023105
"Malt",44,18,26,NA,NA,20,50,27.5,970748,1648073,1307202,"Malt/ASY_DescriptiveInfo.Rdata",1.00117997159258,0.034911178319978,42,6.56517611548074,6.10723991960538e-08,0.19816607809019
"MatthewSacchet",59,23,36,49,9,18.85,60.53,35.73,1060000,1710000,1430000,"MatthewSacchet/ASY_DescriptiveInfo.Rdata",0.948834404899186,0.0453169801237561,31,5.36741793541853,7.48801796891114e-06,0.141160991935286
"MDD_Ilya",74,31,43,NA,NA,20,64,40.5,1300000,1930000,1570000,"MDD_Ilya/ASY_DescriptiveInfo.Rdata",0.662850069542837,0.0169400709353677,71,5.62446934900457,3.4403505994393e-07,0.129210582493129
"MichelleLBC",636,336,300,593,38,71.04,74.22,72.69,1059294,1812082,1433641,"MichelleLBC/ASY_DescriptiveInfo.Rdata",0.618655632965823,0.0019092426219554,623,15.4540127582778,7.60571039421381e-46,0.133092878383226
"ASY_results_FOR2107",425,160,265,403,22,18,65,27,1150870,1948960,1544530,"Muenster/ASY_results_FOR2107/ASY_DescriptiveInfo.Rdata",0.607635318373801,0.00351516421385049,336,11.154701663674,8.57225306516109e-25,0.131208180166271
"ASY_results_MuensterCohort",739,323,416,725,14,17,65,32,930805,2015100,1432380,"Muenster/ASY_results_MuensterCohort/ASY_DescriptiveInfo.Rdata",0.287497237864581,0.00355401819416342,292,4.92116001583679,1.44015817900077e-06,0.0668842130711411
"NESDA",65,23,42,NA,NA,21,56,40,992501,1906610,1499970,"NESDA/ASY_DescriptiveInfo.Rdata",0.514208630917997,0.0182613751299239,61,4.04888280873314,0.00014752288370521,0.111352540536758
"NeuroIMAGE",388,180,208,NA,NA,7.72,28.59,16.53,1259250,2025730,1579145,"NeuroIMAGE/ASY_DescriptiveInfo.Rdata",0.642651195883177,0.00318337804692622,378,12.5110835692621,2.73233236038088e-30,0.145555523724111
"NicolaMAS",532,242,290,497,16,70.3,90.06,78.08,912609,1884820,1376990,"NicolaMAS/ASY_DescriptiveInfo.Rdata",0.410957058829051,0.00209351901949944,517,9.35322376383338,2.56719544001489e-19,0.0976794721184242
"NicolaOATS",413,143,270,369,23,65,89,69,1052340,1882020,1425270,"NicolaOATS/ASY_DescriptiveInfo.Rdata",0.77103279713286,0.00317952398805701,407,15.5740990845649,3.12225616932667e-43,0.153664108307966
"NORM_Moscow",54,54,0,NA,NA,16.07,27.62,22.94,1149026,1872418,1533725,"NORM_Moscow/ASY_DescriptiveInfo_nosex.Rdata",0.91919601993728,0.045885827791428,30,5.11786684226198,1.67005151236021e-05,0.228221133299417
"NUIG",83,48,35,69,5,18,58,36,1270000,1960000,1570000,"NUIG/ASY_DescriptiveInfo.Rdata",0.828179913037747,0.0154361032664322,86,7.7247479730572,1.89967405692475e-11,0.177148493693813
"01_Cheng_1.5T",38,11,27,NA,NA,18,49,30.5,1123950,1641540,1367960,"OCD/01_Cheng_1.5T/ASY_DescriptiveInfo.Rdata",1.63117996644538,0.093214961658655,24,8.1558998322269,2.23891872371681e-08,0.286596766073867
"01_Cheng_3T",93,27,66,NA,NA,22,39,25,933842,1753880,1307235,"OCD/01_Cheng_3T/ASY_DescriptiveInfo.Rdata",1.11236551681901,0.0476081918089414,33,6.48614981805636,2.32350455634954e-07,0.266535102211336
"02_Heuvel_1.5T",49,19,30,44,5,21,53,29,1162690,1843920,1478330,"OCD/02_Heuvel_1.5T/ASY_DescriptiveInfo.Rdata",1.0605275373473,0.0578651603235543,26,5.51066273253428,8.77866182400404e-06,0.170363259119729
"02_Heuvel_3T",36,17,19,29,5,21.51,64.02,39.55,1271150,1780840,1567660,"OCD/02_Heuvel_3T/ASY_DescriptiveInfo.Rdata",0.824155750428319,0.0432134306607107,30,4.58870501665623,7.422346825868e-05,0.164539271182357
"03_Huyser",23,9,14,21,2,8.67,16.83,14.42,1210000,1600000,1400000,"OCD/03_Huyser/ASY_DescriptiveInfo.Rdata",NA,NA,NA,NA,NA,NA
"04_Mataix_Cols",33,21,12,17,2,21,63,32,1200000,1970000,1450000,"OCD/04_Mataix_Cols/ASY_DescriptiveInfo.Rdata",1.0138402502588,0.0504645342174137,29,5.55303174773426,5.46253922003514e-06,0.211020852466488
"OXUK",35,16,19,31,4,13.7,18.88,16.27,1370000,1960000,1640000,"OXUK/ASY_DescriptiveInfo.Rdata",1.06818628955565,0.0461914992528627,33,6.22854286913229,4.93166225532374e-07,0.217713682831159
"GRADUAL",449,207,242,NA,NA,17,27,20,897723,1833040,1432528,"QiuOld/GRADUAL/ASY_DescriptiveInfo.Rdata",0.988749760379305,0.00334564729061813,444,20.8576990449404,7.55893392019031e-68,0.231671912748244
"OLDERS",193,58,135,NA,NA,30,80,60,1052606,1787736,1393392,"QiuOld/OLDERS/ASY_DescriptiveInfo.Rdata",0.989512565926666,0.00779878303174548,190,13.6753357385555,4.36021201399991e-30,0.221203360690847
"QTIM",1040,366,674,NA,NA,15.4,30.11,22.04,1140000,2010000,1470000,"QTIM/ASY_DescriptiveInfo.Rdata",0.517231070054387,0.00110611120967298,1024,16.5594740050929,9.38964933139542e-55,0.145438765142411
"Quinn",54,23,31,NA,NA,7,24,17,1280000,1880000,1570000,"Quinn/ASY_DescriptiveInfo.Rdata",0.311848686503566,0.0201658615699423,51,2.24877285874941,0.0288753558157357,0.0942423947336921
"SaoPaulo1",69,45,24,NA,NA,17,43,27,787079,1316860,1045415,"SaoPaulo1/ASY_DescriptiveInfo.Rdata",0.892598882077821,0.024109765209367,57,6.79783056045246,6.90605255895219e-09,0.192367420837233
"SaoPaulo3",85,45,40,NA,NA,18,50,29,1014957,1860720,1465983,"SaoPaulo3/ASY_DescriptiveInfo.Rdata",-0.0954191420955727,0.0122506391016967,81,-0.864057081226071,0.39010807191113,-0.0082207373175011
"SaudEPIGEN",68,39,29,63,5,18.35,54.11,33.44,920698,2020000,1560000,"SaudEPIGEN/ASY_DescriptiveInfo.Rdata",1.11447343250755,0.0249388540905012,64,8.98517206650684,6.00350900376562e-13,0.218871139714667
"SHIP-2",448,250,198,408,22,31,89,57,1215740,2036700,1573160,"SHIP/SHIP-2/ASY_DescriptiveInfo.Rdata",0.994645557349513,0.00136999073545148,1090,32.8534303409528,4.28880441503799e-165,0.180623374385727
"SHIP-TREND-0",937,528,409,855,36,21,81,51,1166230,2047120,1596805,"SHIP/SHIP-TREND-0/ASY_DescriptiveInfo.Rdata",0.963495813692423,0.00090492094653981,1617,38.7560127992879,6.07168456363291e-233,0.18655044670542
"StenerEOP",47,20,27,NA,NA,12.01,18.78,16.13,1288205,1880424,1531958,"StenerEOP/ASY_DescriptiveInfo.Rdata",1.21677932905047,0.0378320862565707,45,8.25259892626603,1.48274425698276e-10,0.277998108655314
"UMCG_sample_groenewold",23,6,17,NA,NA,24,66,44,1207950,1816640,1471080,"UMCG_sample_groenewold/ASY_DescriptiveInfo.Rdata",0.465737649577469,0.0652032811245278,16,1.92028552303481,0.0728290805362923,0.113867413528639
"1.5T_Adults_Lateralization",20,14,6,NA,NA,18,38,24.5,1084040,1685950,1424395,"Venkat/1.5T_Adults_Lateralization/ASY_DescriptiveInfo.Rdata",0.732230950589934,0.0667411096053115,18,3.19172071695425,0.00505361839282757,0.107900402848065
"3T_Adults_Lateralization",170,108,62,NA,NA,18,45,26,995985,1710000,1410000,"Venkat/3T_Adults_Lateralization/ASY_DescriptiveInfo.Rdata",0.468731499205819,0.00725395169394685,152,5.79788844383914,3.7569121817108e-08,0.125300123452602
"3T_Child_Adolescent_Lateralization",14,7,7,NA,NA,10,18,14,1140000,1670000,1340000,"Venkat/3T_Child_Adolescent_Lateralization/ASY_DescriptiveInfo.Rdata",NA,NA,NA,NA,NA,NA
"Cousijn",40,25,15,37,3,17.66,26.04,21.68,979900,1884780,1481670,"Vermont/Cousijn/ASY_DescriptiveInfo.Rdata",0.4260854613913,0.027269360255113,39,2.69480107176049,0.0103365250059681,0.115179620851658
"DStein",63,50,13,NA,NA,3,53,25,1170000,1860000,1600000,"Vermont/DStein/ASY_DescriptiveInfo.Rdata",0.835678214307839,0.023669807700603,56,6.30923215918689,4.75187488139739e-08,0.156439872012423
"EStein",230,113,117,NA,NA,18,55,29.5,856579,1829470,1409095,"Vermont/EStein/ASY_DescriptiveInfo.Rdata",0.57480558020768,0.00508821278392552,228,8.69838681616748,6.77343473730564e-16,0.123670918146094
"Foxe",22,15,4,NA,NA,20,55,40,875116,1410000,1285000,"Vermont/Foxe/ASY_DescriptiveInfo.Rdata",1.17921358201051,0.0847636167999513,19,5.27360345873304,4.33077185717274e-05,0.194279094531775
"Garavan",15,11,4,NA,NA,19,33,22,1230000,1700000,1470000,"Vermont/Garavan/ASY_DescriptiveInfo.Rdata",NA,NA,NA,NA,NA,NA
"London",101,45,56,99,2,18,54,33,1317580,1897910,1578800,"Vermont/London/ASY_DescriptiveInfo.Rdata",0.860876757695529,0.0141294267625792,96,8.47865277141454,2.73057606317427e-13,0.173528958749813
"Luijten",43,27,16,NA,NA,18,28,22,1267940,1884160,1558980,"Vermont/Luijten/ASY_DescriptiveInfo.Rdata",0.626969492846272,0.0323390641210799,36,3.81370653872538,0.000517289981279251,0.124846984930827
"Momenan",140,73,67,128,12,21,55,29,880047,1870000,1380000,"Vermont/Momenan/ASY_DescriptiveInfo.Rdata",0.556318971764388,0.00842879853410579,136,6.51154661914226,1.32607733559863e-09,0.145106801884289
"Orr",14,13,1,NA,NA,14,19,16,1459160,1816790,1654990,"Vermont/Orr/ASY_DescriptiveInfo.Rdata",NA,NA,NA,NA,NA,NA
"Ozlem",22,12,11,20,1,17,23,20,1002660,1603610,1363665,"Vermont/Ozlem/ASY_DescriptiveInfo.Rdata",0.845892506627778,0.0678883533192256,19,3.78294629295481,0.00125778587006097,0.16077551660127
"Paulus",31,18,13,NA,NA,18,55,37,1205720,1710840,1460350,"Vermont/Paulus/ASY_DescriptiveInfo.Rdata",0.703178904384162,0.0415743428595152,29,3.85146947892974,0.000597891681580387,0.142873006831818
"Schmaal",18,18,0,NA,NA,29,56,43,1443460,1837480,1652215,"Vermont/Schmaal/ASY_DescriptiveInfo_nosex.Rdata",1.02522392154136,0.0847523358139069,17,4.34965672293937,0.000435848619399791,0.16927951222082
"Sinha",131,86,45,115,15,19,50,27,844969,1350000,1090000,"Vermont/Sinha/ASY_DescriptiveInfo.Rdata",0.548019997322709,0.00912827745026025,125,6.15150921324705,9.56081738788076e-09,0.130366617273399
"Sjoerds",20,14,6,17,3,27,68,49.5,1260000,1850000,1565000,"Vermont/Sjoerds/ASY_DescriptiveInfo.Rdata",NA,NA,NA,NA,NA,NA
"VanHolst",24,24,0,NA,NA,21,53,38.5,1295890,2013820,1674265,"Vermont/VanHolst/ASY_DescriptiveInfo_nosex.Rdata",0.702622409482623,0.0566745056887993,21,3.29559122264241,0.00344510689259642,0.16383148680087
"Yucel",179,116,66,NA,NA,18,55,19,1290000,1990000,1590000,"Vermont/Yucel/ASY_DescriptiveInfo.Rdata",0.733726874875682,0.008032769388971,157,9.22280380646493,1.84349490676919e-16,0.15546546476465
"Kwon_3T",89,54,35,NA,NA,18,48,25,1190000,1920000,1570000,"YunOCD/Kwon_3T/ASY_DescriptiveInfo.Rdata",0.883730755221524,0.0159826439524391,86,8.2428917348236,1.7047927561034e-12,0.179641860549691
"KwonNMC_15T",103,57,46,NA,NA,18,36,24,1200000,1830000,1550000,"YunOCD/KwonNMC_15T/ASY_DescriptiveInfo.Rdata",1.06414833726358,0.0156620584185042,99,10.6414833726358,4.38158432919655e-18,0.197172965562714
"KwonSNU_15T",45,29,16,NA,NA,18,42,24,1250000,1920000,1560000,"YunOCD/KwonSNU_15T/ASY_DescriptiveInfo.Rdata",0.940297597469965,0.0335367392070673,42,6.16594368995816,2.29194413247125e-07,0.194353924275056
