DatasetName,Dataset,N,Male,Female,Right,Left,AgeMin,AgeMax,AgeMed,ICVMin,ICVMax,ICVMed,File,MaleProp,RightProp,FSVersion0,ScannerField0
ADHD_ACPU,ACPU,28,28,0,NA,NA,9,18,13,1371960,1831540,1602485,ADHDs/ACPU/ASY_DescriptiveInfo_nosex.Rdata,1,1,5.3,3
ADHD_DUB1,ADHD-DUB1,41,32,9,32,6,18,49,20,1114260,1958970,1705070,ADHDs/ADHD-DUB1/ASY_DescriptiveInfo.Rdata,0.780487805,0.842105263,5.3,3
ADHD_Wuerzburg,ADHD WUE,57,27,30,52,3,24,61,41,1246860,1925240,1549455,ADHDs/ADHD WUE/ASY_DescriptiveInfo.Rdata,0.473684211,0.945454545,5.3,1.5
ADHD_Rubia,ADHD_Rubia1,33,33,0,NA,NA,10,18,14,1304890,1886320,1570545,ADHDs/ADHD_Rubia1/ASY_DescriptiveInfo_nosex.Rdata,1,NA,5.3,3
ADHD_200KKI,ADHD200_KKI,65,41,28,61,8,8,13,10,1194100,1731530,1483570,ADHDs/ADHD200_KKI/ASY_DescriptiveInfo.Rdata,0.594202899,0.884057971,5.3,1.5
ADHD_200NYU,ADHD200_NYU,111,55,56,107,3,7,18,12,954388,1865180,1417110,ADHDs/ADHD200_NYU/ASY_DescriptiveInfo.Rdata,0.495495495,0.972727273,5.3,3
ADHD_200OHSU,ADHD200_OHSU,63,31,39,NA,NA,7,13,10,1253320,1783890,1472580,ADHDs/ADHD200_OHSU/ASY_DescriptiveInfo.Rdata,0.442857143,NA,5.3,3
ADHD_200Peking,ADHD200_Peking,143,84,59,141,2,8,15,12,1162580,1862900,1494940,ADHDs/ADHD200_Peking/ASY_DescriptiveInfo.Rdata,0.587412587,0.986013986,5.3,3
ADHD_Aachen,ADHDKonrad,79,53,26,NA,NA,4,17,10,1176780,1771630,1486775,ADHDs/ADHDKonrad/ASY_DescriptiveInfo.Rdata,0.670886076,NA,5.3,3
ADHD_Bergenadults,Bergen_adultADHD,43,16,27,36,5,21,41,29,1107430,1837570,1556160,ADHDs/Bergen_adultADHD/ASY_DescriptiveInfo.Rdata,0.372093023,0.87804878,5.3,3
ADHD_BergenSVG,Bergen_SVG,28,20,8,25,2,8,12,10,1232950,1822780,1462155,ADHDs/Bergen_SVG/ASY_DescriptiveInfo.Rdata,0.714285714,0.925925926,5.3,3
ADHD_CAPSUZH,CAPS_UZH,36,21,15,NA,NA,8,18,12.5,1137280,1835190,1576350,ADHDs/CAPS_UZH/ASY_DescriptiveInfo.Rdata,0.583333333,0.916666667,5.3,3
ADHD_DAT_london,DAT_london,31,31,0,NA,NA,13,19,16,1169200,1506950,1340190,ADHDs/DAT_london/ASY_DescriptiveInfo_nosex.Rdata,1,NA,5.3,3
ADHD_Dundee,Dundee,23,10,13,NA,NA,10,18,13,1190680,1773720,1461230,ADHDs/Dundee/ASY_DescriptiveInfo.Rdata,0.434782609,NA,5.3,3
ADHD_HartfortOlin,Hartford_Olin,109,58,52,106,3,12,19,16,1018607,1736154,1375669,ADHDs/Hartford_Olin/ASY_DescriptiveInfo.Rdata,0.527272727,0.972477064,5.3,3
ADHD_IMPACTNL,IMpACT_NL,141,59,82,121,15,19,63,32,1261830,1913790,1577095,ADHDs/IMpACT_NL/ASY_DescriptiveInfo.Rdata,0.418439716,0.889705882,5.3,1.5
ADHD_MGH,MGH_ADHD,69,29,40,63,6,18,59,31,1116080,1811500,1451765,ADHDs/MGH_ADHD/ASY_DescriptiveInfo.Rdata,0.420289855,0.913043478,5.1,1.5
ADHD_MTA,MTA,41,31,10,36,3,21,27,24,974013,1820500,1491000,ADHDs/MTA/ASY_DescriptiveInfo.Rdata,0.756097561,0.923076923,5.3,3
ADHD_NeuroimageADAM,NeuroImage_ADAM,78,54,24,67,11,12,23,16,1312270,1963260,1606255,ADHDs/NeuroImage_ADAM/ASY_DescriptiveInfo.Rdata,0.692307692,0.858974359,5.3,1.5
ADHD_NeuroimageNIJM,NeuroImage_NIJM,39,23,16,34,5,10,23,18,1298620,1965620,1632120,ADHDs/NeuroImage_NIJM/ASY_DescriptiveInfo.Rdata,0.58974359,0.871794872,5.3,1.5
ADHD_NICAP,NICAP,81,47,34,69,11,9,11,10,1326550,1877490,1595970,ADHDs/NICAP/ASY_DescriptiveInfo.Rdata,0.580246914,0.8625,5.3,3
ADHD_Niche,NICHE,80,67,13,69,11,7,16,10,1272060,1862389,1563165,ADHDs/NICHE/ASY_DescriptiveInfo.Rdata,0.8375,0.8625,5.1,1.5
ADHD_NIH,NIH,304,205,99,NA,NA,4,18,10,1146550,1829489,1460903,ADHDs/NIH/ASY_DescriptiveInfo.Rdata,0.674342105,NA,5.1,1.5
ADHD_NYU,NYU ADHD,40,22,18,NA,NA,20,49,31,934852,1762720,1497460,ADHDs/NYU ADHD/ASY_DescriptiveInfo.Rdata,0.55,1,5.3,3
ADHD_OHSU,OHSU,112,60,52,NA,NA,7,13,10,966984,1890000,1450000,ADHDs/OHSU/ASY_DescriptiveInfo.Rdata,0.535714286,NA,5.3,3
ADHD_UAB,UAB-ADHD,95,64,31,NA,NA,6,50,27,1004270,1972030,1448310,ADHDs/UAB-ADHD/ASY_DescriptiveInfo.Rdata,0.673684211,0.882352941,5.3,3
ADHD_UCHZ,UCHZ,39,21,18,NA,NA,9,53,15,1059950,1864990,1483240,ADHDs/UCHZ/ASY_DescriptiveInfo.Rdata,0.538461538,0.974358974,5.3,3
HUBIN_KASP,HUBIN_KASP,77,43,34,70,4,20,68.97,44.85,1321762,1992782,1560192,Aldo/HUBIN_KASP/ASY_DescriptiveInfo.Rdata,0.558441558,0.945945946,5.1/5.3,1.5/3
TOP1.5T,TOP15T,303,159,144,279,22,18.28,73.4,33.97,1199482,2065684,1613283,Aldo/TOP15T/ASY_DescriptiveInfo.Rdata,0.524752475,0.926910299,5.3,1.5
TOP3T_1,TOP3T_0,380,204,176,277,42,12.5,78,31.1,1080887,2023835,1546874,Aldo/TOP3T_0/ASY_DescriptiveInfo.Rdata,0.536842105,0.868338558,5.3,3
TOP3T_2,TOP3T_GE750,386,178,208,275,23,12.01,88,42,1190360,1981293,1545960,Aldo/TOP3T_GE750/ASY_DescriptiveInfo.Rdata,0.461139896,0.922818792,5.3,3
OCD_Lazaro,Anna,165,92,73,NA,NA,8,17,15,1211620,1999940,1549165,Anna/ASY_DescriptiveInfo.Rdata,0.557575758,0.96969697,5.3,1.5/3
CIAM,AnneU,30,16,14,28,2,19,40,26.5,1070000,1790000,1425000,AnneU/ASY_DescriptiveInfo.Rdata,0.533333333,0.933333333,5.3,3
BIG,BIG,2326,973,1353,1995,103,17.39,82.66,22.47,1076480,2086070,1610760,BIG/ASY_DescriptiveInfo.Rdata,0.418314703,0.950905624,5.3,1.5/3
BIL&GIN,BILGIN,453,221,232,248,205,18.08,57.18,24.03,1111532,1835334,1396760,BILGIN/ASY_DescriptiveInfo.Rdata,0.48785872,0.547461369,5.3,3
CAMH,CAMH_ASD,146,77,69,139,6,18,86,40,1123430,1833770,1471570,CAMH_ASD/ASY_DescriptiveInfo.Rdata,0.52739726,0.95862069,5.3,1.5
SBP,Christoph,85,44,41,NA,NA,21,75,35,1240000,1930000,1570000,Christoph/ASY_DescriptiveInfo.Rdata,0.517647059,NA,5.1,1.5
BRAINN,ClarissaBr,398,149,249,110,5,18,55,32,811432,1900000,1330000,ClarissaBr/ASY_DescriptiveInfo.Rdata,0.374371859,0.956521739,5.3,3
Colm_UCSF,Colm_UCSF,88,46,42,NA,NA,13,17,15,1230000,1810000,1560000,Colm_UCSF/ASY_DescriptiveInfo.Rdata,0.522727273,NA,5.3,3
CliNG,ClinG_sample,323,132,191,307,15,18,58,24,1062340,2081450,1581790,Egle/ClinG_sample/ASY_DescriptiveInfo.Rdata,0.408668731,0.953416149,5.3,3
HMS,HMS_sample,55,21,34,44,7,19,64,41,1155270,1921180,1525650,Egle/HMS_sample/ASY_DescriptiveInfo.Rdata,0.381818182,0.862745098,5.3,1.5
COBRE,EstherCOBRE,70,50,20,NA,NA,18,65,34.5,1070000,1920000,1505000,EstherCOBRE/ASY_DescriptiveInfo.Rdata,0.714285714,0.985714286,5.3,3
MCIC,EstherMCIC,164,102,62,150,5,18,60,27,1290000,1990000,1615000,EstherMCIC/ASY_DescriptiveInfo.Rdata,0.62195122,0.967741935,5.3,1.5/3
FIDMAG-Barcelona,FIDMAG,117,55,62,NA,NA,21,63,41,1211550,1850590,1509640,FIDMAG/ASY_DescriptiveInfo.Rdata,0.47008547,1,5.3,1.5
GEB^2,GEB,674,305,374,616,26,16.92,24.08,20.33,861850,1597510,1129565,GEB/ASY_DescriptiveInfo.Rdata,0.449189985,0.959501558,5,3
Bipolar Kids and Sibs,GloriaBPSydney,100,47,53,91,8,14,30,22,995969,1784914,1360040,GloriaBPSydney/ASY_DescriptiveInfo.Rdata,0.47,0.919191919,5.3,3
JPCapeTown,JPCapeTown,26,10,16,NA,NA,19,56,29,1333950,1885170,1577910,JPCapeTown/ASY_DescriptiveInfo.Rdata,0.384615385,1,5.3,3
Oslo Malt,Malt,44,18,26,NA,NA,20,50,27.5,970748,1648073,1307202,Malt/ASY_DescriptiveInfo.Rdata,0.409090909,0.977272727,5.1,3
Stanford,MatthewSacchet,59,23,36,49,9,18.85,60.53,35.73,1060000,1710000,1430000,MatthewSacchet/ASY_DescriptiveInfo.Rdata,0.389830508,0.844827586,5.3,1.5
CODE,MDD_Ilya,74,31,43,NA,NA,20,64,40.5,1300000,1930000,1570000,MDD_Ilya/ASY_DescriptiveInfo.Rdata,0.418918919,NA,5.3,3
Lothian Birth Cohort,MichelleLBC,636,336,300,593,38,71.04,74.22,72.69,1059294,1812082,1433641,MichelleLBC/ASY_DescriptiveInfo.Rdata,0.528301887,0.93977813,5.1,1.5
FOR2107,ASY_results_FOR2107,425,160,265,403,22,18,65,27,1150870,1948960,1544530,Muenster/ASY_results_FOR2107/ASY_DescriptiveInfo.Rdata,0.376470588,0.948235294,5.3,3
Muenster,ASY_results_MuensterCohort,739,323,416,725,14,17,65,32,930805,2015100,1432380,Muenster/ASY_results_MuensterCohort/ASY_DescriptiveInfo.Rdata,0.437077131,0.98105548,5.3,3
NESDA,NESDA,65,23,42,NA,NA,21,56,40,992501,1906610,1499970,NESDA/ASY_DescriptiveInfo.Rdata,0.353846154,NA,5.3,3
NeuroIMAGE ,NeuroIMAGE,388,180,208,NA,NA,7.72,28.59,16.53,1259250,2025730,1579145,NeuroIMAGE/ASY_DescriptiveInfo.Rdata,0.463917526,NA,5.3,1.5
MAS,NicolaMAS,532,242,290,497,16,70.3,90.06,78.08,912609,1884820,1376990,NicolaMAS/ASY_DescriptiveInfo.Rdata,0.454887218,0.968810916,5.3,3
OATS,NicolaOATS,413,143,270,369,23,65,89,69,1052340,1882020,1425270,NicolaOATS/ASY_DescriptiveInfo.Rdata,0.346246973,0.941326531,5.3,1.5/3
R_SCZ,NORM_Moscow,54,54,0,NA,NA,16.07,27.62,22.94,1149026,1872418,1533725,NORM_Moscow/ASY_DescriptiveInfo_nosex.Rdata,1,NA,5.3,3
NUIGalway,NUIG,83,48,35,69,5,18,58,36,1270000,1960000,1570000,NUIG/ASY_DescriptiveInfo.Rdata,0.578313253,0.932432432,5.3,1.5
OCD_Cheng_1.5T,01_Cheng_1.5T,38,11,27,NA,NA,18,49,30.5,1123950,1641540,1367960,OCD/01_Cheng_1.5T/ASY_DescriptiveInfo.Rdata,0.289473684,NA,5.3,1.5
OCD_Cheng_3T,01_Cheng_3T,93,27,66,NA,NA,22,39,25,933842,1753880,1307235,OCD/01_Cheng_3T/ASY_DescriptiveInfo.Rdata,0.290322581,NA,5.3,3
OCD_VUmc 1.5T,02_Heuvel_1.5T,49,19,30,44,5,21,53,29,1162690,1843920,1478330,OCD/02_Heuvel_1.5T/ASY_DescriptiveInfo.Rdata,0.387755102,0.897959184,5.3,1.5
OCD_VUmc 3T,02_Heuvel_3T,36,17,19,29,5,21.51,64.02,39.55,1271150,1780840,1567660,OCD/02_Heuvel_3T/ASY_DescriptiveInfo.Rdata,0.472222222,0.852941176,5.3,3
OCD_Huyser,03_Huyser,23,9,14,21,2,8.67,16.83,14.42,1210000,1600000,1400000,OCD/03_Huyser/ASY_DescriptiveInfo.Rdata,0.391304348,0.913043478,5.3,3
OCD_Mataix-Cols,04_Mataix_Cols,33,21,12,17,2,21,63,32,1200000,1970000,1450000,OCD/04_Mataix_Cols/ASY_DescriptiveInfo.Rdata,0.636363636,0.894736842,5.3,1.5
OXEOP,OXUK,35,16,19,31,4,13.7,18.88,16.27,1370000,1960000,1640000,OXUK/ASY_DescriptiveInfo.Rdata,0.457142857,0.885714286,5.3,1.5
GBB_ GRADUAL,GRADUAL,449,207,242,NA,NA,17,27,20,897723,1833040,1432528,QiuOld/GRADUAL/ASY_DescriptiveInfo.Rdata,0.461024499,NA,5.3,3
GBB_OLDERS,OLDERS,193,58,135,NA,NA,30,80,60,1052606,1787736,1393392,QiuOld/OLDERS/ASY_DescriptiveInfo.Rdata,0.300518135,NA,5.3,3
QTIM,QTIM,1040,366,674,NA,NA,15.4,30.11,22.04,1140000,2010000,1470000,QTIM/ASY_DescriptiveInfo.Rdata,0.351923077,NA,5.3,4
MacMasterMDD,Quinn,54,23,31,NA,NA,7,24,17,1280000,1880000,1570000,Quinn/ASY_DescriptiveInfo.Rdata,0.425925926,NA,5.3,1.5
ESTADO-NARSAD,SaoPaulo1,69,45,24,NA,NA,17,43,27,787079,1316860,1045415,SaoPaulo1/ASY_DescriptiveInfo.Rdata,0.652173913,NA,5.3,3
Wellcome Study,SaoPaulo3,85,45,40,NA,NA,18,50,29,1014957,1860720,1465983,SaoPaulo3/ASY_DescriptiveInfo.Rdata,0.529411765,NA,5.3,1.5
EPIGEN-Ireland,SaudEPIGEN,68,39,29,63,5,18.35,54.11,33.44,920698,2020000,1560000,SaudEPIGEN/ASY_DescriptiveInfo.Rdata,0.573529412,0.926470588,5.3,3
SHIP,SHIP-2,448,250,198,408,22,31,89,57,1215740,2036700,1573160,SHIP/SHIP-2/ASY_DescriptiveInfo.Rdata,0.558035714,0.948837209,5.3,1.5
SHIP-TREND,SHIP-TREND-0,937,528,409,855,36,21,81,51,1166230,2047120,1596805,SHIP/SHIP-TREND-0/ASY_DescriptiveInfo.Rdata,0.563500534,0.95959596,5.3,1.5
Youth-TOP/NORMENT EOP,StenerEOP,47,20,27,NA,NA,12.01,18.78,16.13,1288205,1880424,1531958,StenerEOP/ASY_DescriptiveInfo.Rdata,0.425531915,0.936170213,5.3,3
DIP GRONINGEN,UMCG_sample_groenewold,23,6,17,NA,NA,24,66,44,1207950,1816640,1471080,UMCG_sample_groenewold/ASY_DescriptiveInfo.Rdata,0.260869565,NA,5.3,3
NSIOCDS_1.5T_Adults,1.5T_Adults_Lateralization,20,14,6,NA,NA,18,38,24.5,1084040,1685950,1424395,Venkat/1.5T_Adults_Lateralization/ASY_DescriptiveInfo.Rdata,0.7,NA,5.3,1.5
NSIOCDS_3T_Adults,3T_Adults_Lateralization,170,108,62,NA,NA,18,45,26,995985,1710000,1410000,Venkat/3T_Adults_Lateralization/ASY_DescriptiveInfo.Rdata,0.635294118,NA,5.3,3
NSIOCDS_3T_Child,3T_Child_Adolescent_Lateralization,14,7,7,NA,NA,10,18,14,1140000,1670000,1340000,Venkat/3T_Child_Adolescent_Lateralization/ASY_DescriptiveInfo.Rdata,0.5,NA,5.3,3
Addiction_Cousijn,Cousijn,40,25,15,37,3,17.66,26.04,21.68,979900,1884780,1481670,Vermont/Cousijn/ASY_DescriptiveInfo.Rdata,0.625,0.925,5.3,3
Addiction_DStein,DStein,63,50,13,NA,NA,3,53,25,1170000,1860000,1600000,Vermont/DStein/ASY_DescriptiveInfo.Rdata,0.793650794,1,5.3,3
Addiction_EStein,EStein,230,113,117,NA,NA,18,55,29.5,856579,1829470,1409095,Vermont/EStein/ASY_DescriptiveInfo.Rdata,0.491304348,1,5.3,3
Addiction_Foxe,Foxe,22,15,4,NA,NA,20,55,40,875116,1410000,1285000,Vermont/Foxe/ASY_DescriptiveInfo.Rdata,0.789473684,NA,5.3,3
Addiction_Garavan,Garavan,15,11,4,NA,NA,19,33,22,1230000,1700000,1470000,Vermont/Garavan/ASY_DescriptiveInfo.Rdata,0.733333333,NA,5.3,3
Addiction_London,London,101,45,56,99,2,18,54,33,1317580,1897910,1578800,Vermont/London/ASY_DescriptiveInfo.Rdata,0.445544554,0.98019802,5.3,1.5
Addiction_Luijten,Luijten,43,27,16,NA,NA,18,28,22,1267940,1884160,1558980,Vermont/Luijten/ASY_DescriptiveInfo.Rdata,0.627906977,1,5.3,3
Addiction_NIAAA,Momenan,140,73,67,128,12,21,55,29,880047,1870000,1380000,Vermont/Momenan/ASY_DescriptiveInfo.Rdata,0.521428571,0.914285714,5.3,3
Addiction_Orr,Orr,14,13,1,NA,NA,14,19,16,1459160,1816790,1654990,Vermont/Orr/ASY_DescriptiveInfo.Rdata,0.928571429,1,5.3,3
Neuro-ADAPT,Ozlem,22,12,11,20,1,17,23,20,1002660,1603610,1363665,Vermont/Ozlem/ASY_DescriptiveInfo.Rdata,0.52173913,0.952380952,5.3,3
Addiction_Paulus,Paulus,31,18,13,NA,NA,18,55,37,1205720,1710840,1460350,Vermont/Paulus/ASY_DescriptiveInfo.Rdata,0.580645161,NA,5.3,3
Addiction_TrIp,Schmaal,18,18,0,NA,NA,29,56,43,1443460,1837480,1652215,Vermont/Schmaal/ASY_DescriptiveInfo_nosex.Rdata,1,1,5.3,3
Addiction_Sinha,Sinha,131,86,45,115,15,19,50,27,844969,1350000,1090000,Vermont/Sinha/ASY_DescriptiveInfo.Rdata,0.65648855,0.884615385,5.3,3
Addiction_NESDA-AD,Sjoerds,20,14,6,17,3,27,68,49.5,1260000,1850000,1565000,Vermont/Sjoerds/ASY_DescriptiveInfo.Rdata,0.7,0.85,5.3,3
ADPG,VanHolst,24,24,0,NA,NA,21,53,38.5,1295890,2013820,1674265,Vermont/VanHolst/ASY_DescriptiveInfo_nosex.Rdata,1,1,5.3,3
Addiction_Yucel,Yucel,179,116,66,NA,NA,18,55,19,1290000,1990000,1590000,Vermont/Yucel/ASY_DescriptiveInfo.Rdata,0.637362637,NA,5.3,1.5/3
Seoul III,Kwon_3T,89,54,35,NA,NA,18,48,25,1190000,1920000,1570000,YunOCD/Kwon_3T/ASY_DescriptiveInfo.Rdata,0.606741573,NA,5.3,3
Seoul II,KwonNMC_15T,103,57,46,NA,NA,18,36,24,1200000,1830000,1550000,YunOCD/KwonNMC_15T/ASY_DescriptiveInfo.Rdata,0.553398058,NA,5.3,1.5
Seoul I,KwonSNU_15T,45,29,16,NA,NA,18,42,24,1250000,1920000,1560000,YunOCD/KwonSNU_15T/ASY_DescriptiveInfo.Rdata,0.644444444,NA,5.3,1.5