"Dataset","N","Male","Female","Right","Left","AgeMin","AgeMax","AgeMed","ICVMin","ICVMax","ICVMed","File","MaleProp","RightProp","ScannerField","FSVersion","yi","vi","df"
"ACPU",28,28,0,28,0,9,18,13,1371960,1831540,1602485,"ADHDs/ACPU/ASY_DescriptiveInfo_nosex.Rdata",1,1,NA,NA,0.694350663210736,0.0459652378426146,26
"ADHD-DUB1",41,32,9,32,6,18,49,20,1114260,1958970,1705070,"ADHDs/ADHD-DUB1/ASY_DescriptiveInfo.Rdata",0.780487805,0.842105263,NA,5.3,1.32346690764992,0.0493626928374268,37
"ADHD WUE",57,27,30,52,3,24,61,41,1246860,1925240,1549455,"ADHDs/ADHD WUE/ASY_DescriptiveInfo.Rdata",0.473684211,0.945454545,NA,5.3,1.06796362253106,0.0314054629904966,49
"ADHD_Rubia1",33,33,0,NA,NA,10,18,14,1304890,1886320,1570545,"ADHDs/ADHD_Rubia1/ASY_DescriptiveInfo_nosex.Rdata",1,NA,NA,5.3,0.631055843882785,0.0399705246349769,29
"ADHD200_KKI",65,41,28,61,8,8,13,10,1194100,1731530,1483570,"ADHDs/ADHD200_KKI/ASY_DescriptiveInfo.Rdata",0.594202899,0.884057971,NA,5.3,0.524368760417973,0.0177731452882991,63
"ADHD200_NYU",111,55,56,107,3,7,18,12,954388,1865180,1417110,"ADHDs/ADHD200_NYU/ASY_DescriptiveInfo.Rdata",0.495495495,0.972727273,NA,5.3,0.659598689974943,0.0125519094423539,96
"ADHD200_OHSU",63,31,39,NA,NA,7,13,10,1253320,1783890,1472580,"ADHDs/ADHD200_OHSU/ASY_DescriptiveInfo.Rdata",0.442857143,NA,NA,5.3,0.551251198063116,0.0182847451060795,62
"ADHD200_Peking",143,84,59,141,2,8,15,12,1162580,1862900,1494940,"ADHDs/ADHD200_Peking/ASY_DescriptiveInfo.Rdata",0.587412587,0.986013986,3,5.3,0.950993574739668,0.0108372715641647,133
"ADHDKonrad",79,53,26,NA,NA,4,17,10,1176780,1771630,1486775,"ADHDs/ADHDKonrad/ASY_DescriptiveInfo.Rdata",0.670886076,NA,NA,5.3,0.761950055526565,0.0280496509469232,45
"Bergen_adultADHD",43,16,27,36,5,21,41,29,1107430,1837570,1556160,"ADHDs/Bergen_adultADHD/ASY_DescriptiveInfo.Rdata",0.372093023,0.87804878,NA,5.3,1.17474650561757,0.0402384446721512,41
"Bergen_SVG",28,20,8,25,2,8,12,10,1232950,1822780,1462155,"ADHDs/Bergen_SVG/ASY_DescriptiveInfo.Rdata",0.714285714,0.925925926,NA,5.3,1.07265304744845,0.0583441585222307,26
"CAPS_UZH",36,21,15,33,3,8,18,12.5,1137280,1835190,1576350,"ADHDs/CAPS_UZH/ASY_DescriptiveInfo.Rdata",0.583333333,0.916666667,NA,NA,NA,NA,NA
"DAT_london",31,31,0,NA,NA,13,19,16,1169200,1506950,1340190,"ADHDs/DAT_london/ASY_DescriptiveInfo_nosex.Rdata",1,NA,NA,5.3,0.818427524457592,0.0417159939498403,31
"Dundee",23,10,13,NA,NA,10,18,13,1190680,1773720,1461230,"ADHDs/Dundee/ASY_DescriptiveInfo.Rdata",0.434782609,NA,NA,NA,0.869073461329023,0.0626201972996911,21
"Hartford_Olin",109,58,52,106,3,12,19,16,1018607,1736154,1375669,"ADHDs/Hartford_Olin/ASY_DescriptiveInfo.Rdata",0.527272727,0.972477064,NA,NA,0.944877334962344,0.0136452508402148,105
"IMpACT_NL",141,59,82,121,15,19,63,32,1261830,1913790,1577095,"ADHDs/IMpACT_NL/ASY_DescriptiveInfo.Rdata",0.418439716,0.889705882,NA,5.3,1.01751191229934,0.0172461959754038,87
"MGH_ADHD",69,29,40,63,6,18,59,31,1116080,1811500,1451765,"ADHDs/MGH_ADHD/ASY_DescriptiveInfo.Rdata",0.420289855,0.913043478,NA,5.1,1.06561752645272,0.0248852437514541,62
"MTA",41,31,10,36,3,21,27,24,974013,1820500,1491000,"ADHDs/MTA/ASY_DescriptiveInfo.Rdata",0.756097561,0.923076923,NA,5.3,0.659089227914531,0.0296877879311338,40
"NeuroImage_ADAM",78,54,24,67,11,12,23,16,1312270,1963260,1606255,"ADHDs/NeuroImage_ADAM/ASY_DescriptiveInfo.Rdata",0.692307692,0.858974359,NA,5.3,0.856806783883636,0.0184737693574934,73
"NeuroImage_NIJM",39,23,16,34,5,10,23,18,1298620,1965620,1632120,"ADHDs/NeuroImage_NIJM/ASY_DescriptiveInfo.Rdata",0.58974359,0.871794872,NA,5.3,0.711996586603639,0.0329860413070425,37
"NICAP",81,47,34,69,11,9,11,10,1326550,1877490,1595970,"ADHDs/NICAP/ASY_DescriptiveInfo.Rdata",0.580246914,0.8625,NA,5.3,0.747839043246174,0.0166185924324893,76
"NICHE",80,67,13,69,11,7,16,10,1272060,1862389,1563165,"ADHDs/NICHE/ASY_DescriptiveInfo.Rdata",0.8375,0.8625,NA,5.1,0.859310999451478,0.0185028067147182,73
"NIH",304,205,99,NA,NA,4,18,10,1146550,1829489,1460903,"ADHDs/NIH/ASY_DescriptiveInfo.Rdata",0.674342105,NA,NA,5.1,0.566547813262534,0.00566091810905502,204
"NYU ADHD",40,22,18,35,NA,20,49,31,934852,1762720,1497460,"ADHDs/NYU ADHD/ASY_DescriptiveInfo.Rdata",0.55,1,NA,5.3,0.773694094623989,0.0333154173340517,38
"OHSU",112,60,52,NA,NA,7,13,10,966984,1890000,1450000,"ADHDs/OHSU/ASY_DescriptiveInfo.Rdata",0.535714286,NA,NA,NA,0.820933658634671,0.024308473380721,54
"UAB-ADHD",95,64,31,15,2,6,50,27,1004270,1972030,1448310,"ADHDs/UAB-ADHD/ASY_DescriptiveInfo.Rdata",0.673684211,0.882352941,NA,5.3,0.507544615918192,0.0121376426728363,92
"UCHZ",39,21,18,38,1,9,53,15,1059950,1864990,1483240,"ADHDs/UCHZ/ASY_DescriptiveInfo.Rdata",0.538461538,0.974358974,NA,NA,0.449451890529673,0.0289737763407986,37
"HUBIN_KASP",77,43,34,70,4,20,68.97,44.85,1321762,1992782,1560192,"Aldo/HUBIN_KASP/ASY_DescriptiveInfo.Rdata",0.558441558,0.945945946,NA,NA,1.05936253766323,0.0216822846264185,71
"TOP15T",303,159,144,279,22,18.28,73.4,33.97,1199482,2065684,1613283,"Aldo/TOP15T/ASY_DescriptiveInfo.Rdata",0.524752475,0.926910299,1.5,NA,0.762297694454554,0.00431621701500122,298
"TOP3T_0",380,204,176,277,42,12.5,78,31.1,1080887,2023835,1546874,"Aldo/TOP3T_0/ASY_DescriptiveInfo.Rdata",0.536842105,0.868338558,3,NA,1.25094463229931,0.00474050860781708,375
"TOP3T_GE750",386,178,208,275,23,12.01,88,42,1190360,1981293,1545960,"Aldo/TOP3T_GE750/ASY_DescriptiveInfo.Rdata",0.461139896,0.922818792,3,NA,1.0310069272601,0.00401965260375108,380
"Anna",165,92,73,160,5,8,17,15,1211620,1999940,1549165,"Anna/ASY_DescriptiveInfo.Rdata",0.557575758,0.96969697,NA,NA,0.593642008198529,0.0073512838559312,159
"AnneU",30,16,14,28,2,19,40,26.5,1070000,1790000,1425000,"AnneU/ASY_DescriptiveInfo.Rdata",0.533333333,0.933333333,NA,NA,0.524506366228524,0.0406269094323973,27
"BIG",2326,973,1353,1995,103,17.39,82.66,22.47,1076480,2086070,1610760,"BIG/ASY_DescriptiveInfo.Rdata",0.418314703,0.950905624,NA,NA,0.741643981685345,0.000553393184802537,2303
"BILGIN",453,221,232,248,205,18.08,57.18,24.03,1111532,1835334,1396760,"BILGIN/ASY_DescriptiveInfo.Rdata",0.48785872,0.547461369,3,5.3,0.751798542262163,0.00287578592841649,445
"CAMH_ASD",146,77,69,139,6,18,86,40,1123430,1833770,1471570,"CAMH_ASD/ASY_DescriptiveInfo.Rdata",0.52739726,0.95862069,NA,NA,1.0236566738383,0.0109635718917039,138
"Christoph",85,44,41,NA,NA,21,75,35,1240000,1930000,1570000,"Christoph/ASY_DescriptiveInfo.Rdata",0.517647059,NA,NA,NA,1.00575753013768,0.0181418566833051,82
"ClarissaBr",398,149,249,110,5,18,55,32,811432,1900000,1330000,"ClarissaBr/ASY_DescriptiveInfo.Rdata",0.374371859,0.956521739,NA,NA,0.973794498276786,0.00726176286914812,202
"Colm_UCSF",88,46,42,NA,NA,13,17,15,1230000,1810000,1560000,"Colm_UCSF/ASY_DescriptiveInfo.Rdata",0.522727273,NA,NA,NA,0.679817864455804,0.0144832489931368,84
"ClinG_sample",323,132,191,307,15,18,58,24,1062340,2081450,1581790,"Egle/ClinG_sample/ASY_DescriptiveInfo.Rdata",0.408668731,0.953416149,NA,NA,0.876738574393522,0.00432604769973373,319
"HMS_sample",55,21,34,44,7,19,64,41,1155270,1921180,1525650,"Egle/HMS_sample/ASY_DescriptiveInfo.Rdata",0.381818182,0.862745098,NA,NA,0.873579927442117,0.0270896263689194,50
"EstherCOBRE",70,50,20,69,1,18,65,34.5,1070000,1920000,1505000,"EstherCOBRE/ASY_DescriptiveInfo.Rdata",0.714285714,0.985714286,NA,NA,0.659596732027063,0.0187312911453906,64
"EstherMCIC",164,102,62,150,5,18,60,27,1290000,1990000,1615000,"EstherMCIC/ASY_DescriptiveInfo.Rdata",0.62195122,0.967741935,NA,NA,0.932452289235856,0.00891138904255028,160
"FIDMAG",117,55,62,117,0,21,63,41,1211550,1850590,1509640,"FIDMAG/ASY_DescriptiveInfo.Rdata",0.47008547,1,NA,NA,0.872949440218072,0.0123305389516832,111
"GEB",674,305,374,616,26,16.92,24.08,20.33,861850,1597510,1129565,"GEB/ASY_DescriptiveInfo.Rdata",0.449189985,0.959501558,3,5.3,0.940066385107175,0.00216171274993139,666
"GloriaBPSydney",100,47,53,91,8,14,30,22,995969,1784914,1360040,"GloriaBPSydney/ASY_DescriptiveInfo.Rdata",0.47,0.919191919,NA,NA,1.04825525914976,0.0161397869184121,95
"JPCapeTown",26,10,16,26,0,19,56,29,1333950,1885170,1577910,"JPCapeTown/ASY_DescriptiveInfo.Rdata",0.384615385,1,NA,NA,1.27148667487996,0.0753474659249439,23
"Malt",44,18,26,43,1,20,50,27.5,970748,1648073,1307202,"Malt/ASY_DescriptiveInfo.Rdata",0.409090909,0.977272727,NA,NA,1.00117997159258,0.034911178319978,42
"MatthewSacchet",59,23,36,49,9,18.85,60.53,35.73,1060000,1710000,1430000,"MatthewSacchet/ASY_DescriptiveInfo.Rdata",0.389830508,0.844827586,NA,NA,0.948834404899186,0.0453169801237561,31
"MDD_Ilya",74,31,43,NA,NA,20,64,40.5,1300000,1930000,1570000,"MDD_Ilya/ASY_DescriptiveInfo.Rdata",0.418918919,NA,NA,NA,0.662850069542837,0.0169400709353677,71
"MichelleLBC",636,336,300,593,38,71.04,74.22,72.69,1059294,1812082,1433641,"MichelleLBC/ASY_DescriptiveInfo.Rdata",0.528301887,0.93977813,NA,NA,0.618655632965823,0.0019092426219554,623
"ASY_results_FOR2107",425,160,265,403,22,18,65,27,1150870,1948960,1544530,"Muenster/ASY_results_FOR2107/ASY_DescriptiveInfo.Rdata",0.376470588,0.948235294,NA,NA,0.607635318373801,0.00351516421385049,336
"ASY_results_MuensterCohort",739,323,416,725,14,17,65,32,930805,2015100,1432380,"Muenster/ASY_results_MuensterCohort/ASY_DescriptiveInfo.Rdata",0.437077131,0.98105548,NA,NA,0.287497237864581,0.00355401819416342,292
"NESDA",65,23,42,NA,NA,21,56,40,992501,1906610,1499970,"NESDA/ASY_DescriptiveInfo.Rdata",0.353846154,NA,NA,NA,0.514208630917997,0.0182613751299239,61
"NeuroIMAGE",388,180,208,NA,NA,7.72,28.59,16.53,1259250,2025730,1579145,"NeuroIMAGE/ASY_DescriptiveInfo.Rdata",0.463917526,NA,NA,NA,0.642651195883177,0.00318337804692622,378
"NicolaMAS",532,242,290,497,16,70.3,90.06,78.08,912609,1884820,1376990,"NicolaMAS/ASY_DescriptiveInfo.Rdata",0.454887218,0.968810916,NA,NA,0.410957058829051,0.00209351901949944,517
"NicolaOATS",413,143,270,369,23,65,89,69,1052340,1882020,1425270,"NicolaOATS/ASY_DescriptiveInfo.Rdata",0.346246973,0.941326531,NA,NA,0.77103279713286,0.00317952398805701,407
"NORM_Moscow",54,54,0,NA,NA,16.07,27.62,22.94,1149026,1872418,1533725,"NORM_Moscow/ASY_DescriptiveInfo_nosex.Rdata",1,NA,NA,NA,0.91919601993728,0.045885827791428,30
"NUIG",83,48,35,69,5,18,58,36,1270000,1960000,1570000,"NUIG/ASY_DescriptiveInfo.Rdata",0.578313253,0.932432432,NA,NA,0.828179913037747,0.0154361032664322,86
"01_Cheng_1.5T",38,11,27,NA,NA,18,49,30.5,1123950,1641540,1367960,"OCD/01_Cheng_1.5T/ASY_DescriptiveInfo.Rdata",0.289473684,NA,1.5,NA,1.63117996644538,0.093214961658655,24
"01_Cheng_3T",93,27,66,NA,NA,22,39,25,933842,1753880,1307235,"OCD/01_Cheng_3T/ASY_DescriptiveInfo.Rdata",0.290322581,NA,3,NA,1.11236551681901,0.0476081918089414,33
"02_Heuvel_1.5T",49,19,30,44,5,21,53,29,1162690,1843920,1478330,"OCD/02_Heuvel_1.5T/ASY_DescriptiveInfo.Rdata",0.387755102,0.897959184,1.5,NA,1.0605275373473,0.0578651603235543,26
"02_Heuvel_3T",36,17,19,29,5,21.51,64.02,39.55,1271150,1780840,1567660,"OCD/02_Heuvel_3T/ASY_DescriptiveInfo.Rdata",0.472222222,0.852941176,3,NA,0.824155750428319,0.0432134306607107,30
"03_Huyser",23,9,14,21,2,8.67,16.83,14.42,1210000,1600000,1400000,"OCD/03_Huyser/ASY_DescriptiveInfo.Rdata",0.391304348,0.913043478,3,NA,NA,NA,NA
"04_Mataix_Cols",33,21,12,17,2,21,63,32,1200000,1970000,1450000,"OCD/04_Mataix_Cols/ASY_DescriptiveInfo.Rdata",0.636363636,0.894736842,1.5,NA,1.0138402502588,0.0504645342174137,29
"OXUK",35,16,19,31,4,13.7,18.88,16.27,1370000,1960000,1640000,"OXUK/ASY_DescriptiveInfo.Rdata",0.457142857,0.885714286,NA,NA,1.06818628955565,0.0461914992528627,33
"GRADUAL",449,207,242,NA,NA,17,27,20,897723,1833040,1432528,"QiuOld/GRADUAL/ASY_DescriptiveInfo.Rdata",0.461024499,NA,3,5.3,0.988749760379305,0.00334564729061813,444
"OLDERS",193,58,135,NA,NA,30,80,60,1052606,1787736,1393392,"QiuOld/OLDERS/ASY_DescriptiveInfo.Rdata",0.300518135,NA,3,5.3,0.989512565926666,0.00779878303174548,190
"QTIM",1040,366,674,NA,NA,15.4,30.11,22.04,1140000,2010000,1470000,"QTIM/ASY_DescriptiveInfo.Rdata",0.351923077,NA,NA,NA,0.517231070054387,0.00110611120967298,1024
"Quinn",54,23,31,NA,NA,7,24,17,1280000,1880000,1570000,"Quinn/ASY_DescriptiveInfo.Rdata",0.425925926,NA,NA,NA,0.311848686503566,0.0201658615699423,51
"SaoPaulo1",69,45,24,NA,NA,17,43,27,787079,1316860,1045415,"SaoPaulo1/ASY_DescriptiveInfo.Rdata",0.652173913,NA,NA,5.3,0.892598882077821,0.024109765209367,57
"SaoPaulo3",85,45,40,NA,NA,18,50,29,1014957,1860720,1465983,"SaoPaulo3/ASY_DescriptiveInfo.Rdata",0.529411765,NA,NA,NA,-0.0954191420955727,0.0122506391016967,81
"SaudEPIGEN",68,39,29,63,5,18.35,54.11,33.44,920698,2020000,1560000,"SaudEPIGEN/ASY_DescriptiveInfo.Rdata",0.573529412,0.926470588,NA,NA,1.11447343250755,0.0249388540905012,64
"SHIP-2",448,250,198,408,22,31,89,57,1215740,2036700,1573160,"SHIP/SHIP-2/ASY_DescriptiveInfo.Rdata",0.558035714,0.948837209,NA,NA,0.994645557349513,0.00136999073545148,1090
"SHIP-TREND-0",937,528,409,855,36,21,81,51,1166230,2047120,1596805,"SHIP/SHIP-TREND-0/ASY_DescriptiveInfo.Rdata",0.563500534,0.95959596,NA,NA,0.963495813692423,0.00090492094653981,1617
"StenerEOP",47,20,27,44,3,12.01,18.78,16.13,1288205,1880424,1531958,"StenerEOP/ASY_DescriptiveInfo.Rdata",0.425531915,0.936170213,NA,NA,1.21677932905047,0.0378320862565707,45
"UMCG_sample_groenewold",23,6,17,NA,NA,24,66,44,1207950,1816640,1471080,"UMCG_sample_groenewold/ASY_DescriptiveInfo.Rdata",0.260869565,NA,NA,NA,0.465737649577469,0.0652032811245278,16
"1.5T_Adults_Lateralization",20,14,6,NA,NA,18,38,24.5,1084040,1685950,1424395,"Venkat/1.5T_Adults_Lateralization/ASY_DescriptiveInfo.Rdata",0.7,NA,1.5,NA,0.732230950589934,0.0667411096053115,18
"3T_Adults_Lateralization",170,108,62,NA,NA,18,45,26,995985,1710000,1410000,"Venkat/3T_Adults_Lateralization/ASY_DescriptiveInfo.Rdata",0.635294118,NA,3,NA,0.468731499205819,0.00725395169394685,152
"3T_Child_Adolescent_Lateralization",14,7,7,NA,NA,10,18,14,1140000,1670000,1340000,"Venkat/3T_Child_Adolescent_Lateralization/ASY_DescriptiveInfo.Rdata",0.5,NA,3,NA,NA,NA,NA
"Cousijn",40,25,15,37,3,17.66,26.04,21.68,979900,1884780,1481670,"Vermont/Cousijn/ASY_DescriptiveInfo.Rdata",0.625,0.925,NA,NA,0.4260854613913,0.027269360255113,39
"DStein",63,50,13,63,0,3,53,25,1170000,1860000,1600000,"Vermont/DStein/ASY_DescriptiveInfo.Rdata",0.793650794,1,NA,NA,0.835678214307839,0.023669807700603,56
"EStein",230,113,117,230,0,18,55,29.5,856579,1829470,1409095,"Vermont/EStein/ASY_DescriptiveInfo.Rdata",0.491304348,1,NA,NA,0.57480558020768,0.00508821278392552,228
"Foxe",22,15,4,NA,NA,20,55,40,875116,1410000,1285000,"Vermont/Foxe/ASY_DescriptiveInfo.Rdata",0.789473684,NA,NA,NA,1.17921358201051,0.0847636167999513,19
"Garavan",15,11,4,NA,NA,19,33,22,1230000,1700000,1470000,"Vermont/Garavan/ASY_DescriptiveInfo.Rdata",0.733333333,NA,NA,NA,NA,NA,NA
"London",101,45,56,99,2,18,54,33,1317580,1897910,1578800,"Vermont/London/ASY_DescriptiveInfo.Rdata",0.445544554,0.98019802,NA,NA,0.860876757695529,0.0141294267625792,96
"Luijten",43,27,16,43,0,18,28,22,1267940,1884160,1558980,"Vermont/Luijten/ASY_DescriptiveInfo.Rdata",0.627906977,1,NA,NA,0.626969492846272,0.0323390641210799,36
"Momenan",140,73,67,128,12,21,55,29,880047,1870000,1380000,"Vermont/Momenan/ASY_DescriptiveInfo.Rdata",0.521428571,0.914285714,NA,NA,0.556318971764388,0.00842879853410579,136
"Orr",14,13,1,14,0,14,19,16,1459160,1816790,1654990,"Vermont/Orr/ASY_DescriptiveInfo.Rdata",0.928571429,1,NA,NA,NA,NA,NA
"Ozlem",22,12,11,20,1,17,23,20,1002660,1603610,1363665,"Vermont/Ozlem/ASY_DescriptiveInfo.Rdata",0.52173913,0.952380952,NA,NA,0.845892506627778,0.0678883533192256,19
"Paulus",31,18,13,NA,NA,18,55,37,1205720,1710840,1460350,"Vermont/Paulus/ASY_DescriptiveInfo.Rdata",0.580645161,NA,NA,NA,0.703178904384162,0.0415743428595152,29
"Schmaal",18,18,0,18,0,29,56,43,1443460,1837480,1652215,"Vermont/Schmaal/ASY_DescriptiveInfo_nosex.Rdata",1,1,NA,NA,1.02522392154136,0.0847523358139069,17
"Sinha",131,86,45,115,15,19,50,27,844969,1350000,1090000,"Vermont/Sinha/ASY_DescriptiveInfo.Rdata",0.65648855,0.884615385,NA,NA,0.548019997322709,0.00912827745026025,125
"Sjoerds",20,14,6,17,3,27,68,49.5,1260000,1850000,1565000,"Vermont/Sjoerds/ASY_DescriptiveInfo.Rdata",0.7,0.85,NA,NA,NA,NA,NA
"VanHolst",24,24,0,24,0,21,53,38.5,1295890,2013820,1674265,"Vermont/VanHolst/ASY_DescriptiveInfo_nosex.Rdata",1,1,NA,NA,0.702622409482623,0.0566745056887993,21
"Yucel",179,116,66,NA,NA,18,55,19,1290000,1990000,1590000,"Vermont/Yucel/ASY_DescriptiveInfo.Rdata",0.637362637,NA,NA,NA,0.733726874875682,0.008032769388971,157
"Kwon_3T",89,54,35,NA,NA,18,48,25,1190000,1920000,1570000,"YunOCD/Kwon_3T/ASY_DescriptiveInfo.Rdata",0.606741573,NA,3,NA,0.883730755221524,0.0159826439524391,86
"KwonNMC_15T",103,57,46,NA,NA,18,36,24,1200000,1830000,1550000,"YunOCD/KwonNMC_15T/ASY_DescriptiveInfo.Rdata",0.553398058,NA,1.5,NA,1.06414833726358,0.0156620584185042,99
"KwonSNU_15T",45,29,16,NA,NA,18,42,24,1250000,1920000,1560000,"YunOCD/KwonSNU_15T/ASY_DescriptiveInfo.Rdata",0.644444444,NA,1.5,NA,0.940297597469965,0.0335367392070673,42
